ID,AREA,FILE,FUNCTION_COMMAND_HANDLER,V1.0_BEHAVIOUR,V1.1_BEHAVIOUR,RISK,AUTOMATED_TEST,MANUAL_TEST,STATUS
CHG-01,Schema,src/database/database.js,initialize migrations,numbered schema initialization,reruns current idempotent migrations and consolidated jobs migration,HIGH,v1-schema-version-compatibility-test.js; v1-reg02-production-db-migration-test.js,Fresh packaged startup with copied V1 DB,AUTOMATED PASS
CHG-02,Schema,src/database/dayClosingMigration.js,migrateConsolidatedReportingJobs,not present,creates/reconciles frozen job table and recovery columns,HIGH,v1-c2-c3-durable-reporting-day-closing-test.js; v1-c4b-consolidated-reporting-recovery-migration-test.js,Upgrade simulation with real copied DB,AUTOMATED PASS
CHG-03,Day Closing,src/database/dayClosingService.js,closeBusinessDay/reopenBusinessDay,legacy outbox delivery,transactional frozen V2 job and CONSOLIDATED_V2 legacy gating,BLOCKER,v1-c2-c3-durable-reporting-day-closing-test.js; v1-dsr08-phase2-single-pipeline-test.js; v1-reg02-production-db-migration-test.js,Normal close/reopen/reclose in win-unpacked,AUTOMATED PASS
CHG-04,Payload,src/shared/consolidatedDsrBuilder.js,buildConsolidatedPayload/canonicalizeSemanticPayload/hashSemanticPayload,not present,frozen V2 canonical 58-field source payload,HIGH,v1-c1b-c1c-consolidated-payload-test.js; v1-dsr08-phase2-single-pipeline-test.js,C4D row verification,AUTOMATED PASS
CHG-05,Transport,src/services/consolidatedReportingTransport.js,buildEnvelope/validateReceiverResponse,not present,C4D/V16 signed envelope and response classification,BLOCKER,v1-c4a-consolidated-transport-foundation-test.js; v1-c4d-auth-compatibility-test.js; v1-c4d-failed-job-retry-test.js,Controlled live C4D request,AUTOMATED PASS
CHG-06,Sheet Worker,src/services/consolidatedSheetDeliveryWorker.js,claimNext/processNext/retryForClosing,not present,frozen job delivery with stale/latest checks and retry,BLOCKER,v1-c4c-consolidated-sheet-delivery-worker-test.js; c4d-v16-job2-idempotency-verifier-test.js,Restart/network/receiver acceptance,AUTOMATED PASS
CHG-07,Email Worker,src/services/consolidatedReportingEmailWorker.js,claimNext/processClaimed/buildEmailText,not present,one frozen Daily DSR with exact backup attachment,BLOCKER,v1-dsr08-phase2-single-pipeline-test.js,SMTP delivery/attachment inspection/AUTO restart,PARTIAL AUTOMATED; MANUAL REQUIRED
CHG-08,Email Presentation,src/services/consolidatedReportingEmailWorker.js,formatBusinessDateForEmail/formatClosedAtForEmail,not present,deterministic DD MMM YYYY and Asia/Kolkata presentation,COSMETIC,v1-dsr08-phase2-single-pipeline-test.js,Inspect received packaged email,AUTOMATED PASS
CHG-09,Legacy Suppression,src/main/main.js; src/database/dayClosingService.js,reporting mode/startup drain/retry IPC,legacy paths active,CONSOLIDATED_V2 gates creation and drain,HIGH,v1-dsr08-phase2-single-pipeline-test.js; r10-7a-production-env-isolation-test.js,Verify historical System Health display,AUTOMATED PASS
CHG-10,DSR Authority,src/services/integrationConfigService.js; src/main/main.js,existing DSR runtime,consolidated uses same URL/secret,HIGH,r10-5-integrations-test.js; v1-dsr08-phase2-single-pipeline-test.js,Packaged encrypted config,AUTOMATED PASS
CHG-11,Activity Log,src/database/activityService.js; src/renderer/modules/system/activitylog.js,broad/defective search,paginated category-only search,HIGH,v11-log01-activity-log-search-test.js; v1-history-pagination-regression-test.js,Visual category search and pagination,AUTOMATED PASS
CHG-12,Export,src/database/excelExporter.js; src/database/inventoryExporter.js,existing report exports,segment/business-segment columns added,MEDIUM,v1-inventory-ux-xlsx-business-segment-test.js,Open every workbook in Excel,PARTIAL AUTOMATED; MANUAL REQUIRED
CHG-13,Report Data,src/database/reportService.js,report query segment fields,legacy report rows,segment-aware report rows,MEDIUM,v1-business-segment-report-test.js,Inspect Business/Product/Payment reports,PARTIAL AUTOMATED; MANUAL REQUIRED
CHG-14,Navigation,src/renderer/app.js; src/renderer/modules/system/integrations.js,existing modal/navigation behavior,Escape and integration navigation guards,MEDIUM,r10-5b-integrations-final-polish-test.js; r09-dsr-phase2-test.js,Visual repeated navigation/modal focus,MANUAL-ONLY
CHG-15,Reopen UI,src/renderer/shared/dayReopenReasons.js; src/renderer/modules/system/dayClosing.js; src/renderer/startupSplash.js,free-form/older reason handling,controlled valid reasons,MEDIUM,v1-sys02-day-reopen-reason-dropdown-test.js,Startup and operational reopen UI,MANUAL-ONLY
CHG-16,Packaging,package.json; electron-builder configuration,1.0.0/package behavior,1.1.0 x64 win-unpacked target,BLOCKER,node --check/package inspection,Build win-unpacked and smoke test,MANUAL-ONLY
CHG-17,Master Gate,scripts/v11-complete-release-regression.js,no prior equivalent,57 safe suites plus static checks,RELEASE,v11-complete-release-regression.js,Review results and then manual gate,AUTOMATED PASS
CHG-18,Identity Investigation,reports/2026-09-24_v11_dsr08_email_datetime_format_and_identity_check.md,observed email source,not applicable,release-test copy did not contain matching frozen job,BLOCKER,read-only metadata query and source trace,Verify runtime DB path before manual regression,STOPPED BLOCKER
